200,100,Jhon,Jhon
250,200,Pepe,Pepe
320,300,Maria,Maria
510,500,Pepa,Pepa
750,700,Lucas,Lucas
1700.12345,1000.12345,Cata,Cata